trial_index,block_index,block_trial,block_mu,block_sigma,trial_mu_deviation,trial_mu,trial_sigma,trial_mean,initial_ori,final_ori,rt
0,-1,-1,-1,-1,0,327,5,-0.567217396146,23,330.0,1.35155909997
1,-1,-1,-1,-1,0,166,5,2.90046326273,72,158.9,14.3963656999
2,-1,-1,-1,-1,0,131,5,2.29329896016,68,122.6,3.32351230003
3,-1,-1,-1,-1,0,234,5,-2.18297356696,219,245.8,7.28915600001
