trial_index,block_index,block_trial,block_mu,block_sigma,trial_mu_deviation,trial_mu,trial_sigma,trial_mean,initial_ori,final_ori,rt
0,-1,-1,-1,-1,0,140,5,2.44557688565,103,118.8,3.25435839989
1,-1,-1,-1,-1,0,309,5,-0.889410858046,271,310.7,23.0178371001
2,-1,-1,-1,-1,0,166,5,2.89697852047,287,142.7,6.15430319996
3,-1,-1,-1,-1,0,194,5,-2.9027460867,283,206.5,13.2764793
