trial_index,block_index,block_trial,block_mu,block_sigma,trial_mu_deviation,trial_mu,trial_sigma,trial_mean,initial_ori,final_ori,rt
0,-1,-1,-1,-1,0,274,5,-1.50445633247,203,202,0.138752199942
1,-1,-1,-1,-1,0,147,5,2.56136372133,62,343,0.117685799953
2,-1,-1,-1,-1,0,286,5,-1.29607842387,85,320,0.185269300011
3,-1,-1,-1,-1,0,279,5,-1.41896350586,19,26,0.220555900014
4,-1,-1,-1,-1,0,178,5,3.11283145849,43,2,0.850496599916
5,-1,-1,-1,-1,0,247,5,-1.97179736078,102,303,0.103808999993
6,-1,-1,-1,-1,0,340,5,-0.35204214435,229,176,0.154853800079
7,-1,-1,-1,-1,0,140,5,2.45223410493,235,170,0.0859254999086
