trial_index,block_index,block_trial,block_mu,block_sigma,trial_mu_deviation,trial_mu,trial_sigma,trial_mean,initial_ori,final_ori,rt
0,-1,-1,-1,-1,0,50,5,0.855336370973,309,70.0,1.5182847
1,-1,-1,-1,-1,0,27,5,0.467591230368,277,55.2,1.31770340004
2,-1,-1,-1,-1,0,24,5,0.414599208846,218,44.0,2.50037080003
3,-1,-1,-1,-1,0,267,5,-1.62972342406,328,282.3,2.95118490001
4,-1,-1,-1,-1,0,126,5,2.20379148965,64,341,5.19943680009
5,-1,-1,-1,-1,0,49,5,0.848996315515,247,158,1.91796480003
